﻿<?xml version="1.0" encoding="utf-8"?>
<publishData>
  <publishProfile publishUrl="C:\Users\Liran\Documents\Visual Studio 2010\Projects\NewSesshin\SesshinManagement\Sesshin.Admin\P-U-B-L-I-S-H" deleteExistingFiles="False" ftpAnonymousLogin="False" ftpPassiveMode="True" msdeploySite="" msdeploySiteID="" msdeployRemoteSitePhysicalPath="" msdeployAllowUntrustedCertificate="False" msdeploySkipExtraFilesOnServer="True" msdeployMarkAsApp="False" profileName="Profile1" publishMethod="FileSystem" replaceMatchingFiles="True" userName="" savePWD="False" userPWD="" SelectedForPublish="True">
    <file relUrl="ckeditor/skins/moono/editor_gecko.css" publishTime="04/26/2013 01:33:33" />
    <file relUrl="ckeditor/plugins/forms/dialogs/form.js" publishTime="04/26/2013 01:33:31" />
    <file relUrl="ckeditor/plugins/forms/dialogs/hiddenfield.js" publishTime="04/26/2013 01:33:31" />
    <file relUrl="bin/DotNetOpenAuth.OAuth.Consumer.dll" publishTime="03/29/2013 19:33:47" />
    <file relUrl="ckeditor/skins/moono/dialog_ie7.css" publishTime="04/26/2013 01:33:33" />
    <file relUrl="favicon.ico" publishTime="03/29/2013 19:33:07" />
    <file relUrl="ckeditor/plugins/a11yhelp/dialogs/lang/cy.js" publishTime="04/26/2013 01:33:31" />
    <file relUrl="ckeditor/plugins/a11yhelp/dialogs/lang/es.js" publishTime="04/26/2013 01:33:31" />
    <file relUrl="ckeditor/samples/readonly.html" publishTime="04/26/2013 01:33:33" />
    <file relUrl="ckeditor/plugins/wsc/dialogs/wsc.js" publishTime="04/26/2013 01:33:32" />
    <file relUrl="Images/orderedList6.png" publishTime="03/29/2013 19:33:06" />
    <file relUrl="bin/System.Web.WebPages.Razor.dll" publishTime="03/29/2013 19:33:37" />
    <file relUrl="bin/WebMatrix.Data.xml" publishTime="03/29/2013 19:33:44" />
    <file relUrl="ckeditor/samples/plugins/magicline/magicline.html" publishTime="04/26/2013 01:33:32" />
    <file relUrl="ckeditor/samples/plugins/htmlwriter/outputhtml.html" publishTime="04/26/2013 01:33:32" />
    <file relUrl="ckeditor/plugins/pagebreak/images/pagebreak.gif" publishTime="04/26/2013 01:33:31" />
    <file relUrl="ckeditor/samples/plugins/htmlwriter/outputforflash.html" publishTime="04/26/2013 01:33:32" />
    <file relUrl="Views/Products/_CreateOrEdit.cshtml" publishTime="05/15/2013 19:23:49" />
    <file relUrl="Images/orderedList0.png" publishTime="03/29/2013 19:33:06" />
    <file relUrl="ckeditor/plugins/templates/dialogs/templates.css" publishTime="04/26/2013 01:33:32" />
    <file relUrl="ckeditor/plugins/a11yhelp/dialogs/lang/th.js" publishTime="04/26/2013 01:33:31" />
    <file relUrl="ckeditor/plugins/a11yhelp/dialogs/lang/fr.js" publishTime="04/26/2013 01:33:31" />
    <file relUrl="ckeditor/plugins/flash/images/placeholder.png" publishTime="04/26/2013 01:33:31" />
    <file relUrl="bin/System.Web.Mvc.xml" publishTime="03/29/2013 19:33:38" />
    <file relUrl="Images/orderedList9.png" publishTime="03/29/2013 19:33:06" />
    <file relUrl="ckeditor/plugins/scayt/dialogs/options.js" publishTime="04/26/2013 01:33:31" />
    <file relUrl="ckeditor/plugins/specialchar/dialogs/lang/de.js" publishTime="04/26/2013 01:33:32" />
    <file relUrl="Views/Account/ExternalLoginFailure.cshtml" publishTime="03/29/2013 19:33:07" />
    <file relUrl="ckeditor/plugins/specialchar/dialogs/lang/ug.js" publishTime="04/26/2013 01:33:32" />
    <file relUrl="bin/System.Web.Http.WebHost.xml" publishTime="03/29/2013 19:33:41" />
    <file relUrl="bin/System.Web.Helpers.dll" publishTime="03/29/2013 19:33:36" />
    <file relUrl="Scripts/jquery.validate.js" publishTime="03/29/2013 19:33:28" />
    <file relUrl="ckeditor/plugins/a11yhelp/dialogs/lang/ku.js" publishTime="04/26/2013 01:33:31" />
    <file relUrl="ckeditor/plugins/specialchar/dialogs/lang/ca.js" publishTime="04/26/2013 01:33:32" />
    <file relUrl="ckeditor/plugins/a11yhelp/dialogs/lang/he.js" publishTime="04/26/2013 01:33:31" />
    <file relUrl="ckeditor/plugins/specialchar/dialogs/lang/fr.js" publishTime="04/26/2013 01:33:32" />
    <file relUrl="Content/themes/base/minified/images/ui-icons_cd0a0a_256x240.png" publishTime="03/29/2013 19:33:31" />
    <file relUrl="ckeditor/plugins/smiley/images/regular_smile.gif" publishTime="04/26/2013 01:33:32" />
    <file relUrl="Content/themes/base/images/ui-bg_highlight-soft_75_cccccc_1x100.png" publishTime="03/29/2013 19:33:32" />
    <file relUrl="ckeditor/plugins/a11yhelp/dialogs/lang/fa.js" publishTime="04/26/2013 01:33:31" />
    <file relUrl="Content/themes/base/jquery.ui.tabs.css" publishTime="03/29/2013 19:33:32" />
    <file relUrl="Images/heroAccent.png" publishTime="03/29/2013 19:33:06" />
    <file relUrl="bin/Sesshin.Admin.pdb" publishTime="05/16/2013 00:33:35" />
    <file relUrl="ckeditor/plugins/a11yhelp/dialogs/lang/en.js" publishTime="04/26/2013 01:33:31" />
    <file relUrl="ckeditor/plugins/specialchar/dialogs/lang/_translationstatus.txt" publishTime="04/26/2013 01:33:32" />
    <file relUrl="Content/themes/base/minified/images/ui-bg_flat_0_aaaaaa_40x100.png" publishTime="03/29/2013 19:33:32" />
    <file relUrl="Scripts/knockout-2.1.0.debug.js" publishTime="03/29/2013 19:33:53" />
    <file relUrl="Content/themes/base/minified/jquery.ui.progressbar.min.css" publishTime="03/29/2013 19:33:31" />
    <file relUrl="ckeditor/plugins/wsc/dialogs/wsc.css" publishTime="04/26/2013 01:33:32" />
    <file relUrl="ckeditor/plugins/specialchar/dialogs/lang/tr.js" publishTime="04/26/2013 01:33:32" />
    <file relUrl="ckeditor/skins/moono/editor.css" publishTime="04/26/2013 01:33:33" />
    <file relUrl="bin/System.Web.Http.dll" publishTime="03/29/2013 19:33:40" />
    <file relUrl="ckeditor/plugins/showblocks/images/block_h6.png" publishTime="04/26/2013 01:33:32" />
    <file relUrl="Content/themes/base/minified/images/ui-bg_glass_95_fef1ec_1x400.png" publishTime="03/29/2013 19:33:32" />
    <file relUrl="ckeditor/plugins/forms/dialogs/textfield.js" publishTime="04/26/2013 01:33:31" />
    <file relUrl="bin/Newtonsoft.Json.xml" publishTime="03/29/2013 19:33:35" />
    <file relUrl="ckeditor/plugins/showblocks/images/block_h4.png" publishTime="04/26/2013 01:33:31" />
    <file relUrl="ckeditor/plugins/iframe/images/placeholder.png" publishTime="04/26/2013 01:33:31" />
    <file relUrl="ckeditor/plugins/specialchar/dialogs/lang/th.js" publishTime="04/26/2013 01:33:32" />
    <file relUrl="ckeditor/plugins/a11yhelp/dialogs/lang/eo.js" publishTime="04/26/2013 01:33:31" />
    <file relUrl="Scripts/jquery-ui-1.8.20.js" publishTime="03/29/2013 19:33:29" />
    <file relUrl="ckeditor/plugins/specialchar/dialogs/lang/cy.js" publishTime="04/26/2013 01:33:32" />
    <file relUrl="Views/Products/Index.cshtml" publishTime="04/25/2013 22:27:10" />
    <file relUrl="Content/themes/base/minified/images/ui-icons_888888_256x240.png" publishTime="03/29/2013 19:33:31" />
    <file relUrl="bin/System.Web.Optimization.dll" publishTime="03/29/2013 19:33:43" />
    <file relUrl="Images/accent.png" publishTime="03/29/2013 19:33:06" />
    <file relUrl="ckeditor/plugins/smiley/images/envelope.gif" publishTime="04/26/2013 01:33:32" />
    <file relUrl="ckeditor/plugins/smiley/images/heart.gif" publishTime="04/26/2013 01:33:32" />
    <file relUrl="ckeditor/plugins/smiley/images/whatchutalkingabout_smile.gif" publishTime="04/26/2013 01:33:32" />
    <file relUrl="ckeditor/plugins/specialchar/dialogs/lang/sk.js" publishTime="04/26/2013 01:33:32" />
    <file relUrl="bin/System.Net.Http.dll" publishTime="03/29/2013 19:33:40" />
    <file relUrl="ckeditor/samples/replacebycode.html" publishTime="04/26/2013 01:33:33" />
    <file relUrl="bin/System.Net.Http.WebRequest.dll" publishTime="03/29/2013 19:33:40" />
    <file relUrl="Content/themes/base/jquery.ui.dialog.css" publishTime="03/29/2013 19:33:32" />
    <file relUrl="ckeditor/plugins/a11yhelp/dialogs/lang/ca.js" publishTime="04/26/2013 01:33:31" />
    <file relUrl="Scripts/jquery.validate-vsdoc.js" publishTime="03/29/2013 19:33:28" />
    <file relUrl="ckeditor/samples/appendto.html" publishTime="04/26/2013 01:33:32" />
    <file relUrl="ckeditor/plugins/smiley/images/wink_smile.gif" publishTime="04/26/2013 01:33:32" />
    <file relUrl="bin/DotNetOpenAuth.OAuth.xml" publishTime="03/29/2013 19:33:49" />
    <file relUrl="ckeditor/plugins/forms/dialogs/button.js" publishTime="04/26/2013 01:33:31" />
    <file relUrl="ckeditor/plugins/icons.png" publishTime="04/26/2013 01:33:31" />
    <file relUrl="ckeditor/config.js" publishTime="04/26/2013 02:15:37" />
    <file relUrl="ckeditor/skins/moono/images/arrow.png" publishTime="04/26/2013 01:33:33" />
    <file relUrl="Content/themes/base/minified/images/ui-bg_glass_75_dadada_1x400.png" publishTime="03/29/2013 19:33:32" />
    <file relUrl="Images/orderedList4.png" publishTime="03/29/2013 19:33:06" />
    <file relUrl="Views/Account/Register.cshtml" publishTime="03/29/2013 19:33:07" />
    <file relUrl="ckeditor/plugins/showblocks/images/block_div.png" publishTime="04/26/2013 01:33:31" />
    <file relUrl="ckeditor/samples/plugins/wysiwygarea/fullpage.html" publishTime="04/26/2013 01:33:33" />
    <file relUrl="Content/themes/base/minified/jquery.ui.datepicker.min.css" publishTime="03/29/2013 19:33:31" />
    <file relUrl="ckeditor/plugins/a11yhelp/dialogs/lang/ru.js" publishTime="04/26/2013 01:33:31" />
    <file relUrl="Scripts/jquery.unobtrusive-ajax.js" publishTime="03/29/2013 19:33:33" />
    <file relUrl="Scripts/jquery.validate.unobtrusive.min.js" publishTime="03/29/2013 19:33:32" />
    <file relUrl="ckeditor/plugins/templates/templates/images/template1.gif" publishTime="04/26/2013 01:33:32" />
    <file relUrl="ckeditor/plugins/scayt/dialogs/toolbar.css" publishTime="04/26/2013 01:33:31" />
    <file relUrl="ckeditor/plugins/specialchar/dialogs/lang/cs.js" publishTime="04/26/2013 01:33:32" />
    <file relUrl="Images/orderedList2.png" publishTime="03/29/2013 19:33:06" />
    <file relUrl="ckeditor/contents.css" publishTime="04/26/2013 01:33:31" />
    <file relUrl="ckeditor/plugins/a11yhelp/dialogs/lang/bg.js" publishTime="04/26/2013 01:33:31" />
    <file relUrl="ckeditor/plugins/about/dialogs/about.js" publishTime="04/26/2013 01:33:31" />
    <file relUrl="ckeditor/plugins/templates/templates/images/template2.gif" publishTime="04/26/2013 01:33:32" />
    <file relUrl="ckeditor/plugins/templates/templates/default.js" publishTime="04/26/2013 01:33:32" />
    <file relUrl="ckeditor/plugins/a11yhelp/dialogs/lang/hi.js" publishTime="04/26/2013 01:33:31" />
    <file relUrl="Content/themes/base/minified/jquery.ui.tabs.min.css" publishTime="03/29/2013 19:33:30" />
    <file relUrl="Content/themes/base/images/ui-icons_cd0a0a_256x240.png" publishTime="03/29/2013 19:33:32" />
    <file relUrl="Content/themes/base/images/ui-bg_glass_75_dadada_1x400.png" publishTime="03/29/2013 19:33:32" />
    <file relUrl="ckeditor/plugins/forms/dialogs/select.js" publishTime="04/26/2013 01:33:31" />
    <file relUrl="ckeditor/plugins/preview/preview.html" publishTime="04/26/2013 01:33:31" />
    <file relUrl="Views/Account/Manage.cshtml" publishTime="03/29/2013 19:33:07" />
    <file relUrl="ckeditor/skins/moono/editor_ie7.css" publishTime="04/26/2013 01:33:33" />
    <file relUrl="Content/themes/base/minified/images/ui-bg_highlight-soft_75_cccccc_1x100.png" publishTime="03/29/2013 19:33:32" />
    <file relUrl="ckeditor/samples/index.html" publishTime="04/26/2013 01:33:32" />
    <file relUrl="ckeditor/plugins/smiley/images/sad_smile.gif" publishTime="04/26/2013 01:33:32" />
    <file relUrl="Images/orderedList5.png" publishTime="03/29/2013 19:33:06" />
    <file relUrl="ckeditor/plugins/a11yhelp/dialogs/lang/it.js" publishTime="04/26/2013 01:33:31" />
    <file relUrl="Scripts/jquery-1.7.1-vsdoc.js" publishTime="03/29/2013 19:33:27" />
    <file relUrl="Content/themes/base/minified/jquery.ui.button.min.css" publishTime="03/29/2013 19:33:31" />
    <file relUrl="Views/Articles/_CreateOrEdit.cshtml" publishTime="05/15/2013 19:21:57" />
    <file relUrl="ckeditor/samples/uicolor.html" publishTime="04/26/2013 01:33:33" />
    <file relUrl="Views/Articles/Create.cshtml" publishTime="05/11/2013 20:42:58" />
    <file relUrl="Scripts/jquery-1.7.1.min.js" publishTime="03/29/2013 19:33:27" />
    <file relUrl="ckeditor/plugins/specialchar/dialogs/lang/fa.js" publishTime="04/26/2013 01:33:32" />
    <file relUrl="ckeditor/plugins/a11yhelp/dialogs/a11yhelp.js" publishTime="04/26/2013 01:33:31" />
    <file relUrl="Content/themes/base/images/ui-icons_454545_256x240.png" publishTime="03/29/2013 19:33:32" />
    <file relUrl="ckeditor/plugins/a11yhelp/dialogs/lang/lt.js" publishTime="04/26/2013 01:33:31" />
    <file relUrl="bin/WebMatrix.WebData.xml" publishTime="03/29/2013 19:33:45" />
    <file relUrl="Scripts/jquery-1.7.1.js" publishTime="03/29/2013 19:33:27" />
    <file relUrl="ckeditor/plugins/image/images/noimage.png" publishTime="04/26/2013 01:33:31" />
    <file relUrl="ckeditor/skins/moono/icons.png" publishTime="04/26/2013 01:33:33" />
    <file relUrl="ckeditor/plugins/showblocks/images/block_blockquote.png" publishTime="04/26/2013 01:33:31" />
    <file relUrl="Content/themes/base/images/ui-bg_flat_0_aaaaaa_40x100.png" publishTime="03/29/2013 19:33:32" />
    <file relUrl="Content/themes/base/minified/images/ui-bg_glass_65_ffffff_1x400.png" publishTime="03/29/2013 19:33:32" />
    <file relUrl="ckeditor/plugins/a11yhelp/dialogs/lang/sv.js" publishTime="04/26/2013 01:33:31" />
    <file relUrl="Content/themes/base/jquery.ui.slider.css" publishTime="03/29/2013 19:33:32" />
    <file relUrl="ckeditor/plugins/flash/dialogs/flash.js" publishTime="04/26/2013 01:33:31" />
    <file relUrl="Views/Products/Details.cshtml" publishTime="04/18/2013 00:06:42" />
    <file relUrl="bin/DotNetOpenAuth.AspNet.dll" publishTime="03/29/2013 19:33:46" />
    <file relUrl="Global.asax" publishTime="03/29/2013 19:33:07" />
    <file relUrl="Content/themes/base/jquery.ui.all.css" publishTime="03/29/2013 19:33:32" />
    <file relUrl="ckeditor/lang/he.js" publishTime="04/26/2013 01:33:31" />
    <file relUrl="ckeditor/samples/tabindex.html" publishTime="04/26/2013 01:33:33" />
    <file relUrl="bin/Microsoft.Web.Infrastructure.dll" publishTime="02/18/2012 00:08:25" />
    <file relUrl="ckeditor/plugins/showblocks/images/block_h5.png" publishTime="04/26/2013 01:33:31" />
    <file relUrl="bin/System.Net.Http.xml" publishTime="03/29/2013 19:33:40" />
    <file relUrl="Content/themes/base/minified/images/ui-bg_glass_75_e6e6e6_1x400.png" publishTime="03/29/2013 19:33:32" />
    <file relUrl="ckeditor/plugins/specialchar/dialogs/lang/en.js" publishTime="04/26/2013 01:33:32" />
    <file relUrl="Views/Articles/Delete.cshtml" publishTime="05/11/2013 20:27:17" />
    <file relUrl="ckeditor/plugins/specialchar/dialogs/lang/eo.js" publishTime="04/26/2013 01:33:32" />
    <file relUrl="ckeditor/samples/datafiltering.html" publishTime="04/26/2013 01:33:32" />
    <file relUrl="ckeditor/plugins/smiley/images/thumbs_down.gif" publishTime="04/26/2013 01:33:32" />
    <file relUrl="ckeditor/plugins/a11yhelp/dialogs/lang/mk.js" publishTime="04/26/2013 01:33:31" />
    <file relUrl="ckeditor/plugins/a11yhelp/dialogs/lang/mn.js" publishTime="04/26/2013 01:33:31" />
    <file relUrl="ckeditor/plugins/smiley/images/teeth_smile.gif" publishTime="04/26/2013 01:33:32" />
    <file relUrl="Content/themes/base/jquery-ui.css" publishTime="03/29/2013 19:33:32" />
    <file relUrl="bin/System.Web.WebPages.Razor.xml" publishTime="03/29/2013 19:33:37" />
    <file relUrl="ckeditor/samples/assets/uilanguages/languages.js" publishTime="04/26/2013 01:33:32" />
    <file relUrl="bin/DotNetOpenAuth.OpenId.dll" publishTime="03/29/2013 19:33:49" />
    <file relUrl="ckeditor/plugins/a11yhelp/dialogs/lang/sl.js" publishTime="04/26/2013 01:33:31" />
    <file relUrl="ckeditor/plugins/specialchar/dialogs/lang/pt-br.js" publishTime="04/26/2013 01:33:32" />
    <file relUrl="ckeditor/skins/moono/editor_iequirks.css" publishTime="04/26/2013 01:33:33" />
    <file relUrl="Views/Articles/Details.cshtml" publishTime="05/11/2013 20:27:22" />
    <file relUrl="ckeditor/plugins/a11yhelp/dialogs/lang/nb.js" publishTime="04/26/2013 01:33:31" />
    <file relUrl="ckeditor/plugins/a11yhelp/dialogs/lang/vi.js" publishTime="04/26/2013 01:33:31" />
    <file relUrl="ckeditor/plugins/a11yhelp/dialogs/lang/hr.js" publishTime="04/26/2013 01:33:31" />
    <file relUrl="ckeditor/plugins/a11yhelp/dialogs/lang/no.js" publishTime="04/26/2013 01:33:31" />
    <file relUrl="Content/themes/base/minified/images/ui-icons_2e83ff_256x240.png" publishTime="03/29/2013 19:33:32" />
    <file relUrl="ckeditor/skins/moono/images/close.png" publishTime="04/26/2013 01:33:33" />
    <file relUrl="ckeditor/plugins/a11yhelp/dialogs/lang/pt-br.js" publishTime="04/26/2013 01:33:31" />
    <file relUrl="bin/Newtonsoft.Json.dll" publishTime="03/29/2013 19:33:35" />
    <file relUrl="ckeditor/skins/moono/dialog_iequirks.css" publishTime="04/26/2013 01:33:33" />
    <file relUrl="ckeditor/plugins/smiley/images/angry_smile.gif" publishTime="04/26/2013 01:33:32" />
    <file relUrl="bin/System.Web.Http.WebHost.dll" publishTime="03/29/2013 19:33:41" />
    <file relUrl="ckeditor/plugins/specialchar/dialogs/lang/zh-cn.js" publishTime="04/26/2013 01:33:32" />
    <file relUrl="ckeditor/plugins/a11yhelp/dialogs/lang/da.js" publishTime="04/26/2013 01:33:31" />
    <file relUrl="Content/themes/base/minified/images/ui-icons_222222_256x240.png" publishTime="03/29/2013 19:33:32" />
    <file relUrl="ckeditor/ckeditor.js" publishTime="04/26/2013 01:33:31" />
    <file relUrl="ckeditor/samples/plugins/dialog/assets/my_dialog.js" publishTime="04/26/2013 01:33:32" />
    <file relUrl="ckeditor/samples/inlineall.html" publishTime="04/26/2013 01:33:32" />
    <file relUrl="ckeditor/plugins/smiley/images/confused_smile.gif" publishTime="04/26/2013 01:33:32" />
    <file relUrl="bin/System.Web.WebPages.Deployment.dll" publishTime="03/29/2013 19:33:37" />
    <file relUrl="ckeditor/plugins/tabletools/dialogs/tableCell.js" publishTime="04/26/2013 01:33:32" />
    <file relUrl="ckeditor/plugins/forms/images/hiddenfield.gif" publishTime="04/26/2013 01:33:31" />
    <file relUrl="Content/themes/base/jquery.ui.selectable.css" publishTime="03/29/2013 19:33:32" />
    <file relUrl="ckeditor/samples/plugins/dialog/dialog.html" publishTime="04/26/2013 01:33:32" />
    <file relUrl="ckeditor/plugins/smiley/images/omg_smile.gif" publishTime="04/26/2013 01:33:32" />
    <file relUrl="Scripts/jquery.unobtrusive-ajax.min.js" publishTime="03/29/2013 19:33:33" />
    <file relUrl="ckeditor/lang/en.js" publishTime="04/26/2013 01:33:31" />
    <file relUrl="bin/DotNetOpenAuth.AspNet.xml" publishTime="03/29/2013 19:33:46" />
    <file relUrl="ckeditor/samples/divreplace.html" publishTime="04/26/2013 01:33:32" />
    <file relUrl="bin/EntityFramework.dll" publishTime="03/29/2013 11:53:42" />
    <file relUrl="bin/System.Web.Razor.dll" publishTime="03/29/2013 19:33:36" />
    <file relUrl="ckeditor/plugins/smiley/images/cry_smile.gif" publishTime="04/26/2013 01:33:32" />
    <file relUrl="ckeditor/plugins/specialchar/dialogs/lang/es.js" publishTime="04/26/2013 01:33:32" />
    <file relUrl="bin/System.Net.Http.WebRequest.xml" publishTime="03/29/2013 19:33:40" />
    <file relUrl="ckeditor/plugins/smiley/images/devil_smile.gif" publishTime="04/26/2013 01:33:32" />
    <file relUrl="ckeditor/plugins/specialchar/dialogs/lang/it.js" publishTime="04/26/2013 01:33:32" />
    <file relUrl="Views/Shared/_Layout.cshtml" publishTime="05/11/2013 20:38:47" />
    <file relUrl="ckeditor/plugins/magicline/images/icon.png" publishTime="04/26/2013 01:33:31" />
    <file relUrl="Images/orderedList1.png" publishTime="03/29/2013 19:33:06" />
    <file relUrl="Views/Account/_ExternalLoginsListPartial.cshtml" publishTime="03/29/2013 19:33:06" />
    <file relUrl="Content/themes/base/minified/jquery.ui.resizable.min.css" publishTime="03/29/2013 19:33:31" />
    <file relUrl="ckeditor/plugins/table/dialogs/table.js" publishTime="04/26/2013 01:33:32" />
    <file relUrl="Content/themes/base/minified/jquery.ui.dialog.min.css" publishTime="03/29/2013 19:33:31" />
    <file relUrl="ckeditor/plugins/a11yhelp/dialogs/lang/fi.js" publishTime="04/26/2013 01:33:31" />
    <file relUrl="ckeditor/plugins/a11yhelp/dialogs/lang/et.js" publishTime="04/26/2013 01:33:31" />
    <file relUrl="Images/orderedList3.png" publishTime="03/29/2013 19:33:06" />
    <file relUrl="ckeditor/samples/ajax.html" publishTime="04/26/2013 01:33:32" />
    <file relUrl="Images/orderedList8.png" publishTime="03/29/2013 19:33:06" />
    <file relUrl="ckeditor/plugins/showblocks/images/block_p.png" publishTime="04/26/2013 01:33:32" />
    <file relUrl="ckeditor/plugins/div/dialogs/div.js" publishTime="04/26/2013 01:33:31" />
    <file relUrl="ckeditor/plugins/specialchar/dialogs/lang/lv.js" publishTime="04/26/2013 01:33:32" />
    <file relUrl="ckeditor/plugins/specialchar/dialogs/lang/sq.js" publishTime="04/26/2013 01:33:32" />
    <file relUrl="Content/themes/base/minified/images/ui-icons_454545_256x240.png" publishTime="03/29/2013 19:33:32" />
    <file relUrl="Images/bullet.png" publishTime="03/29/2013 19:33:06" />
    <file relUrl="ckeditor/samples/sample.css" publishTime="04/26/2013 01:33:33" />
    <file relUrl="Views/Shared/Error.cshtml" publishTime="03/29/2013 19:33:07" />
    <file relUrl="ckeditor/plugins/smiley/images/angel_smile.gif" publishTime="04/26/2013 01:33:32" />
    <file relUrl="ckeditor/plugins/specialchar/dialogs/lang/el.js" publishTime="04/26/2013 01:33:32" />
    <file relUrl="ckeditor/samples/replacebyclass.html" publishTime="04/26/2013 01:33:33" />
    <file relUrl="bin/System.Web.Mvc.dll" publishTime="03/29/2013 19:33:38" />
    <file relUrl="ckeditor/plugins/a11yhelp/dialogs/lang/ro.js" publishTime="04/26/2013 01:33:31" />
    <file relUrl="ckeditor/plugins/dialog/dialogDefinition.js" publishTime="04/26/2013 01:33:31" />
    <file relUrl="ckeditor/plugins/smiley/images/embaressed_smile.gif" publishTime="04/26/2013 01:33:32" />
    <file relUrl="bin/WebGrease.dll" publishTime="03/29/2013 19:33:51" />
    <file relUrl="ckeditor/plugins/a11yhelp/dialogs/lang/ug.js" publishTime="04/26/2013 01:33:31" />
    <file relUrl="bin/Microsoft.Web.WebPages.OAuth.dll" publishTime="03/29/2013 19:33:44" />
    <file relUrl="bin/DotNetOpenAuth.OpenId.RelyingParty.dll" publishTime="03/29/2013 19:33:50" />
    <file relUrl="ckeditor/samples/plugins/toolbar/toolbar.html" publishTime="04/26/2013 01:33:33" />
    <file relUrl="bin/System.Web.Http.xml" publishTime="03/29/2013 19:33:40" />
    <file relUrl="ckeditor/samples/assets/outputxhtml/outputxhtml.css" publishTime="04/26/2013 01:33:32" />
    <file relUrl="ckeditor/plugins/forms/dialogs/textarea.js" publishTime="04/26/2013 01:33:31" />
    <file relUrl="Content/themes/base/minified/jquery.ui.slider.min.css" publishTime="03/29/2013 19:33:31" />
    <file relUrl="ckeditor/plugins/colordialog/dialogs/colordialog.js" publishTime="04/26/2013 01:33:31" />
    <file relUrl="bin/WebMatrix.Data.dll" publishTime="03/29/2013 19:33:43" />
    <file relUrl="ckeditor/plugins/a11yhelp/dialogs/lang/fr-ca.js" publishTime="04/26/2013 01:33:31" />
    <file relUrl="ckeditor/samples/xhtmlstyle.html" publishTime="04/26/2013 01:33:33" />
    <file relUrl="Scripts/knockout-2.1.0.js" publishTime="03/29/2013 19:33:53" />
    <file relUrl="ckeditor/plugins/smiley/images/lightbulb.gif" publishTime="04/26/2013 01:33:32" />
    <file relUrl="bin/DotNetOpenAuth.OAuth.Consumer.xml" publishTime="03/29/2013 19:33:47" />
    <file relUrl="bin/System.Net.Http.Formatting.dll" publishTime="03/29/2013 19:33:39" />
    <file relUrl="Content/themes/base/minified/jquery.ui.selectable.min.css" publishTime="03/29/2013 19:33:31" />
    <file relUrl="ckeditor/plugins/templates/templates/images/template3.gif" publishTime="04/26/2013 01:33:32" />
    <file relUrl="ckeditor/plugins/about/dialogs/logo_ckeditor.png" publishTime="04/26/2013 01:33:31" />
    <file relUrl="ckeditor/plugins/a11yhelp/dialogs/lang/el.js" publishTime="04/26/2013 01:33:31" />
    <file relUrl="ckeditor/samples/inlinebycode.html" publishTime="04/26/2013 01:33:32" />
    <file relUrl="Content/themes/base/images/ui-bg_flat_75_ffffff_40x100.png" publishTime="03/29/2013 19:33:32" />
    <file relUrl="ckeditor/plugins/smiley/dialogs/smiley.js" publishTime="04/26/2013 01:33:32" />
    <file relUrl="ckeditor/samples/sample.js" publishTime="04/26/2013 01:33:33" />
    <file relUrl="ckeditor/plugins/specialchar/dialogs/lang/nb.js" publishTime="04/26/2013 01:33:32" />
    <file relUrl="Views/Products/Delete.cshtml" publishTime="03/29/2013 19:41:12" />
    <file relUrl="ckeditor/plugins/a11yhelp/dialogs/lang/ar.js" publishTime="04/26/2013 01:33:31" />
    <file relUrl="Content/themes/base/jquery.ui.autocomplete.css" publishTime="03/29/2013 19:33:32" />
    <file relUrl="Views/Home/Index.cshtml" publishTime="03/29/2013 20:32:04" />
    <file relUrl="ckeditor/skins/moono/dialog.css" publishTime="04/26/2013 01:33:33" />
    <file relUrl="ckeditor/plugins/smiley/images/thumbs_up.gif" publishTime="04/26/2013 01:33:32" />
    <file relUrl="bin/DotNetOpenAuth.OpenId.xml" publishTime="03/29/2013 19:33:49" />
    <file relUrl="packages.config" publishTime="03/29/2013 19:33:53" />
    <file relUrl="Content/themes/base/images/ui-bg_glass_95_fef1ec_1x400.png" publishTime="03/29/2013 19:33:32" />
    <file relUrl="ckeditor/skins/moono/editor_ie8.css" publishTime="04/26/2013 01:33:33" />
    <file relUrl="ckeditor/plugins/specialchar/dialogs/lang/fr-ca.js" publishTime="04/26/2013 01:33:32" />
    <file relUrl="ckeditor/plugins/smiley/images/tounge_smile.gif" publishTime="04/26/2013 01:33:32" />
    <file relUrl="bin/Antlr3.Runtime.dll" publishTime="03/29/2013 19:33:51" />
    <file relUrl="ckeditor/plugins/a11yhelp/dialogs/lang/pl.js" publishTime="04/26/2013 01:33:31" />
    <file relUrl="ckeditor/plugins/showblocks/images/block_h1.png" publishTime="04/26/2013 01:33:31" />
    <file relUrl="bin/System.Web.Helpers.xml" publishTime="03/29/2013 19:33:37" />
    <file relUrl="ckeditor/skins/moono/dialog_ie.css" publishTime="04/26/2013 01:33:33" />
    <file relUrl="bin/DotNetOpenAuth.OAuth.dll" publishTime="03/29/2013 19:33:49" />
    <file relUrl="ckeditor/samples/assets/inlineall/logo.png" publishTime="04/26/2013 01:33:32" />
    <file relUrl="Images/orderedList7.png" publishTime="03/29/2013 19:33:06" />
    <file relUrl="Content/Site.css" publishTime="04/28/2013 01:12:00" />
    <file relUrl="ckeditor/plugins/specialchar/dialogs/specialchar.js" publishTime="04/26/2013 01:33:32" />
    <file relUrl="ckeditor/plugins/smiley/images/shades_smile.gif" publishTime="04/26/2013 01:33:32" />
    <file relUrl="ckeditor/plugins/image/dialogs/image.js" publishTime="04/26/2013 01:33:31" />
    <file relUrl="Views/Account/_SetPasswordPartial.cshtml" publishTime="03/29/2013 19:33:07" />
    <file relUrl="bin/System.Web.WebPages.dll" publishTime="03/29/2013 19:33:37" />
    <file relUrl="ckeditor/samples/plugins/htmlwriter/assets/outputforflash/swfobject.js" publishTime="04/26/2013 01:33:32" />
    <file relUrl="ckeditor/plugins/a11yhelp/dialogs/lang/tr.js" publishTime="04/26/2013 01:33:31" />
    <file relUrl="ckeditor/plugins/smiley/images/tongue_smile.gif" publishTime="04/26/2013 01:33:32" />
    <file relUrl="Views/Web.config" publishTime="03/29/2013 20:21:25" />
    <file relUrl="Views/Products/Edit.cshtml" publishTime="03/29/2013 19:41:08" />
    <file relUrl="ckeditor/plugins/liststyle/dialogs/liststyle.js" publishTime="04/26/2013 01:33:31" />
    <file relUrl="Content/themes/base/jquery.ui.progressbar.css" publishTime="03/29/2013 19:33:32" />
    <file relUrl="ckeditor/build-config.js" publishTime="04/26/2013 01:33:31" />
    <file relUrl="Views/Account/_ChangePasswordPartial.cshtml" publishTime="03/29/2013 19:33:06" />
    <file relUrl="bin/WebMatrix.WebData.dll" publishTime="03/29/2013 19:33:45" />
    <file relUrl="ckeditor/plugins/a11yhelp/dialogs/lang/sq.js" publishTime="04/26/2013 01:33:31" />
    <file relUrl="ckeditor/plugins/showblocks/images/block_pre.png" publishTime="04/26/2013 01:33:32" />
    <file relUrl="ckeditor/plugins/forms/dialogs/checkbox.js" publishTime="04/26/2013 01:33:31" />
    <file relUrl="ckeditor/plugins/specialchar/dialogs/lang/nl.js" publishTime="04/26/2013 01:33:32" />
    <file relUrl="Scripts/modernizr-2.5.3.js" publishTime="03/29/2013 19:33:34" />
    <file relUrl="Scripts/jquery.validate.unobtrusive.js" publishTime="03/29/2013 19:33:32" />
    <file relUrl="ckeditor/plugins/templates/dialogs/templates.js" publishTime="04/26/2013 01:33:32" />
    <file relUrl="ckeditor/plugins/forms/dialogs/radio.js" publishTime="04/26/2013 01:33:31" />
    <file relUrl="Content/themes/base/images/ui-icons_888888_256x240.png" publishTime="03/29/2013 19:33:32" />
    <file relUrl="Content/themes/base/minified/jquery-ui.min.css" publishTime="03/29/2013 19:33:29" />
    <file relUrl="ckeditor/skins/moono/dialog_opera.css" publishTime="04/26/2013 01:33:33" />
    <file relUrl="Scripts/jquery-ui-1.8.20.min.js" publishTime="03/29/2013 19:33:29" />
    <file relUrl="Content/themes/base/minified/jquery.ui.core.min.css" publishTime="03/29/2013 19:33:31" />
    <file relUrl="Content/themes/base/jquery.ui.accordion.css" publishTime="03/29/2013 19:33:32" />
    <file relUrl="ckeditor/samples/api.html" publishTime="04/26/2013 01:33:32" />
    <file relUrl="ckeditor/plugins/iframe/dialogs/iframe.js" publishTime="04/26/2013 01:33:31" />
    <file relUrl="ckeditor/plugins/specialchar/dialogs/lang/et.js" publishTime="04/26/2013 01:33:32" />
    <file relUrl="ckeditor/skins/moono/images/mini.png" publishTime="04/26/2013 01:33:33" />
    <file relUrl="ckeditor/plugins/specialchar/dialogs/lang/fi.js" publishTime="04/26/2013 01:33:32" />
    <file relUrl="ckeditor/plugins/a11yhelp/dialogs/lang/nl.js" publishTime="04/26/2013 01:33:31" />
    <file relUrl="ckeditor/plugins/smiley/images/kiss.gif" publishTime="04/26/2013 01:33:32" />
    <file relUrl="ckeditor/plugins/a11yhelp/dialogs/lang/sk.js" publishTime="04/26/2013 01:33:31" />
    <file relUrl="ckeditor/plugins/a11yhelp/dialogs/lang/zh-cn.js" publishTime="04/26/2013 01:33:31" />
    <file relUrl="ckeditor/plugins/specialchar/dialogs/lang/pl.js" publishTime="04/26/2013 01:33:32" />
    <file relUrl="ckeditor/plugins/showblocks/images/block_address.png" publishTime="04/26/2013 01:33:31" />
    <file relUrl="Content/themes/base/jquery.ui.button.css" publishTime="03/29/2013 19:33:32" />
    <file relUrl="ckeditor/plugins/a11yhelp/dialogs/lang/lv.js" publishTime="04/26/2013 01:33:31" />
    <file relUrl="Content/themes/base/images/ui-bg_glass_75_e6e6e6_1x400.png" publishTime="03/29/2013 19:33:32" />
    <file relUrl="Content/themes/base/minified/jquery.ui.autocomplete.min.css" publishTime="03/29/2013 19:33:31" />
    <file relUrl="bin/DotNetOpenAuth.Core.dll" publishTime="03/29/2013 19:33:46" />
    <file relUrl="ckeditor/samples/uilanguages.html" publishTime="04/26/2013 01:33:33" />
    <file relUrl="Scripts/_references.js" publishTime="03/29/2013 19:33:06" />
    <file relUrl="Views/Articles/Index.cshtml" publishTime="05/15/2013 19:36:49" />
    <file relUrl="ckeditor/plugins/specialchar/dialogs/lang/he.js" publishTime="04/26/2013 01:33:32" />
    <file relUrl="Content/themes/base/jquery.ui.theme.css" publishTime="03/29/2013 19:33:32" />
    <file relUrl="Views/Account/ExternalLoginConfirmation.cshtml" publishTime="03/29/2013 19:33:07" />
    <file relUrl="Content/themes/base/minified/jquery.ui.accordion.min.css" publishTime="03/29/2013 19:33:31" />
    <file relUrl="ckeditor/plugins/link/dialogs/link.js" publishTime="04/26/2013 01:33:31" />
    <file relUrl="Views/Shared/_LoginPartial.cshtml" publishTime="03/29/2013 19:33:07" />
    <file relUrl="bin/System.Web.WebPages.xml" publishTime="03/29/2013 19:33:37" />
    <file relUrl="Content/themes/base/jquery.ui.base.css" publishTime="03/29/2013 19:33:32" />
    <file relUrl="Content/themes/base/images/ui-bg_glass_55_fbf9ee_1x400.png" publishTime="03/29/2013 19:33:32" />
    <file relUrl="bin/DotNetOpenAuth.OpenId.RelyingParty.xml" publishTime="03/29/2013 19:33:50" />
    <file relUrl="bin/DotNetOpenAuth.Core.xml" publishTime="03/29/2013 19:33:47" />
    <file relUrl="ckeditor/plugins/specialchar/dialogs/lang/ku.js" publishTime="04/26/2013 01:33:32" />
    <file relUrl="ckeditor/plugins/clipboard/dialogs/paste.js" publishTime="04/26/2013 01:33:31" />
    <file relUrl="ckeditor/plugins/wsc/dialogs/ciframe.html" publishTime="04/26/2013 01:33:32" />
    <file relUrl="ckeditor/plugins/a11yhelp/dialogs/lang/pt.js" publishTime="04/26/2013 01:33:31" />
    <file relUrl="ckeditor/plugins/specialchar/dialogs/lang/hr.js" publishTime="04/26/2013 01:33:32" />
    <file relUrl="Views/_ViewStart.cshtml" publishTime="03/29/2013 19:33:07" />
    <file relUrl="ckeditor/plugins/specialchar/dialogs/lang/no.js" publishTime="04/26/2013 01:33:32" />
    <file relUrl="Content/themes/base/minified/images/ui-bg_flat_75_ffffff_40x100.png" publishTime="03/29/2013 19:33:32" />
    <file relUrl="ckeditor/samples/plugins/enterkey/enterkey.html" publishTime="04/26/2013 01:33:32" />
    <file relUrl="ckeditor/plugins/find/dialogs/find.js" publishTime="04/26/2013 01:33:31" />
    <file relUrl="ckeditor/plugins/a11yhelp/dialogs/lang/hu.js" publishTime="04/26/2013 01:33:31" />
    <file relUrl="bin/System.Web.WebPages.Deployment.xml" publishTime="03/29/2013 19:33:37" />
    <file relUrl="Views/Account/_RemoveExternalLoginsPartial.cshtml" publishTime="03/29/2013 19:33:07" />
    <file relUrl="ckeditor/plugins/a11yhelp/dialogs/lang/km.js" publishTime="04/26/2013 01:33:31" />
    <file relUrl="Scripts/jquery.validate.min.js" publishTime="03/29/2013 19:33:28" />
    <file relUrl="Content/themes/base/minified/jquery.ui.theme.min.css" publishTime="03/29/2013 19:33:30" />
    <file relUrl="Content/themes/base/jquery.ui.resizable.css" publishTime="03/29/2013 19:33:32" />
    <file relUrl="Content/themes/base/images/ui-icons_222222_256x240.png" publishTime="03/29/2013 19:33:32" />
    <file relUrl="bin/System.Web.Razor.xml" publishTime="03/29/2013 19:33:36" />
    <file relUrl="ckeditor/plugins/a11yhelp/dialogs/lang/de.js" publishTime="04/26/2013 01:33:31" />
    <file relUrl="ckeditor/plugins/link/images/anchor.png" publishTime="04/26/2013 01:33:31" />
    <file relUrl="bin/System.Net.Http.Formatting.xml" publishTime="03/29/2013 19:33:39" />
    <file relUrl="ckeditor/plugins/smiley/images/broken_heart.gif" publishTime="04/26/2013 01:33:32" />
    <file relUrl="ckeditor/plugins/a11yhelp/dialogs/lang/cs.js" publishTime="04/26/2013 01:33:31" />
    <file relUrl="ckeditor/skins/moono/dialog_ie8.css" publishTime="04/26/2013 01:33:33" />
    <file relUrl="Views/Articles/Edit.cshtml" publishTime="05/11/2013 20:27:13" />
    <file relUrl="ckeditor/plugins/showblocks/images/block_h2.png" publishTime="04/26/2013 01:33:31" />
    <file relUrl="Web.config" publishTime="05/25/2013 16:56:00" />
    <file relUrl="ckeditor/samples/plugins/htmlwriter/assets/outputforflash/outputforflash.swf" publishTime="04/26/2013 01:33:32" />
    <file relUrl="ckeditor/plugins/pastefromword/filter/default.js" publishTime="04/26/2013 01:33:31" />
    <file relUrl="ckeditor/plugins/link/dialogs/anchor.js" publishTime="04/26/2013 01:33:31" />
    <file relUrl="Views/Account/Login.cshtml" publishTime="04/20/2013 21:23:43" />
    <file relUrl="Content/themes/base/minified/images/ui-bg_glass_55_fbf9ee_1x400.png" publishTime="03/29/2013 19:33:32" />
    <file relUrl="ckeditor/plugins/showblocks/images/block_h3.png" publishTime="04/26/2013 01:33:31" />
    <file relUrl="ckeditor/plugins/a11yhelp/dialogs/lang/gu.js" publishTime="04/26/2013 01:33:31" />
    <file relUrl="Content/themes/base/images/ui-bg_glass_65_ffffff_1x400.png" publishTime="03/29/2013 19:33:32" />
    <file relUrl="ckeditor/plugins/wsc/dialogs/tmpFrameset.html" publishTime="04/26/2013 01:33:32" />
    <file relUrl="ckeditor/plugins/a11yhelp/dialogs/lang/_translationstatus.txt" publishTime="04/26/2013 01:33:31" />
    <file relUrl="ckeditor/samples/assets/sample.css" publishTime="04/26/2013 01:33:32" />
    <file relUrl="ckeditor/plugins/smiley/images/embarrassed_smile.gif" publishTime="04/26/2013 01:33:32" />
    <file relUrl="ckeditor/plugins/fakeobjects/images/spacer.gif" publishTime="04/26/2013 01:33:31" />
    <file relUrl="Views/Products/Create.cshtml" publishTime="04/20/2013 11:35:54" />
    <file relUrl="bin/Sesshin.Admin.dll" publishTime="05/16/2013 00:33:35" />
    <file relUrl="ckeditor/samples/assets/sample.jpg" publishTime="04/26/2013 01:33:32" />
    <file relUrl="ckeditor/skins/moono/editor_ie.css" publishTime="04/26/2013 01:33:33" />
    <file relUrl="ckeditor/plugins/specialchar/dialogs/lang/sv.js" publishTime="04/26/2013 01:33:32" />
    <file relUrl="bin/Microsoft.Web.WebPages.OAuth.xml" publishTime="03/29/2013 19:33:44" />
    <file relUrl="ckeditor/plugins/a11yhelp/dialogs/lang/ja.js" publishTime="04/26/2013 01:33:31" />
    <file relUrl="ckeditor/plugins/a11yhelp/dialogs/lang/uk.js" publishTime="04/26/2013 01:33:31" />
    <file relUrl="ckeditor/styles.js" publishTime="04/26/2013 01:33:33" />
    <file relUrl="bin/EntityFramework.xml" publishTime="03/29/2013 11:53:42" />
    <file relUrl="Content/themes/base/jquery.ui.core.css" publishTime="03/29/2013 19:33:32" />
    <file relUrl="Content/themes/base/images/ui-icons_2e83ff_256x240.png" publishTime="03/29/2013 19:33:32" />
    <file relUrl="Content/themes/base/jquery.ui.datepicker.css" publishTime="03/29/2013 19:33:32" />
  </publishProfile>
</publishData>